Timestamp,POA Irradiance,Actual Sum,Expected Sum,Availability %
2023-09-01 00:00:00,0.0,0.0,0.0,
2023-09-01 01:00:00,0.0,0.0,0.0,
2023-09-01 02:00:00,0.0,0.0,0.0,
2023-09-01 03:00:00,0.518403,0.0,0.0,
2023-09-01 04:00:00,0.0,0.0,0.0,
2023-09-01 05:00:00,0.2495834,0.0,0.0,
2023-09-01 06:00:00,0.9220526,0.08263235,0.08263235,100.0
2023-09-01 07:00:00,63.6063,77.23535000000001,77.23535000000001,100.0
2023-09-01 08:00:00,291.8954,478.88419999999996,478.88419999999996,100.0
2023-09-01 09:00:00,515.1265,995.1659999999999,995.1659999999999,100.0
2023-09-01 10:00:00,718.3168,1399.0690000000002,1399.0690000000002,100.0
2023-09-01 11:00:00,866.8207,1669.7694000000001,1669.7694000000001,100.0
2023-09-01 12:00:00,954.3173,1809.0414999999998,1809.0414999999998,100.0
2023-09-01 13:00:00,967.088,1832.955,1832.955,100.0
2023-09-01 14:00:00,907.5977,1738.116,1738.116,100.0
2023-09-01 15:00:00,781.7908,1530.3852000000002,1530.3852000000002,100.0
2023-09-01 16:00:00,600.5336,1210.3442,1210.3442,100.0
2023-09-01 17:00:00,382.1968,762.3732,762.3732,100.0
2023-09-01 18:00:00,157.4958,265.7825,265.7825,100.0
2023-09-01 19:00:00,23.42455,19.2637,19.2637,100.0
2023-09-01 20:00:00,0.4184097,0.0019676398,0.0019676398,100.0
2023-09-01 21:00:00,0.0,0.0,0.0,
2023-09-01 22:00:00,0.3118055,0.0,0.0,
2023-09-01 23:00:00,0.0,0.0,0.0,
2023-09-02 00:00:00,0.0,0.0,0.0,
2023-09-02 01:00:00,0.1055463,0.0,0.0,
2023-09-02 02:00:00,9.25926e-06,0.0,0.0,
2023-09-02 03:00:00,0.0,0.0,0.0,
2023-09-02 04:00:00,0.3360417,0.0,0.0,
2023-09-02 05:00:00,0.1275,0.0,0.0,
2023-09-02 06:00:00,0.8920768,0.22950569999999998,0.22950569999999998,100.0
2023-09-02 07:00:00,48.23354,64.14287,64.14287,100.0
2023-09-02 08:00:00,251.684,415.44192999999996,415.44192999999996,100.0
2023-09-02 09:00:00,398.8107,800.9393,800.9393,100.0
2023-09-02 10:00:00,592.7471,1073.6549000000002,1073.6549000000002,100.0
2023-09-02 11:00:00,560.2408,1082.0522,1082.0522,100.0
2023-09-02 12:00:00,828.149,1489.5015,1489.5015,100.0
2023-09-02 13:00:00,983.496,1810.6099000000002,1810.6099000000002,100.0
2023-09-02 14:00:00,911.5591,1714.7348,1714.7348,100.0
2023-09-02 15:00:00,782.744,1503.5135,1503.5135,100.0
2023-09-02 16:00:00,599.0803,1182.2572,1182.2572,100.0
2023-09-02 17:00:00,379.7449,740.3357,740.3357,100.0
2023-09-02 18:00:00,156.1127,258.23419,258.23419,100.0
2023-09-02 19:00:00,23.86834,17.534857000000002,17.534857000000002,100.0
2023-09-02 20:00:00,0.1408333,0.00042889957,0.00042889957,100.0
2023-09-02 21:00:00,0.2086805,0.0,0.0,
2023-09-02 22:00:00,0.13,0.0,0.0,
2023-09-02 23:00:00,0.3118056,0.0,0.0,
2023-09-03 00:00:00,0.0,0.0,0.0,
2023-09-03 01:00:00,0.0,0.0,0.0,
2023-09-03 02:00:00,0.6419445,0.0,0.0,
2023-09-03 03:00:00,0.1051991,0.0,0.0,
2023-09-03 04:00:00,9.228495e-06,0.0,0.0,
2023-09-03 05:00:00,0.0,0.0,0.0,
2023-09-03 06:00:00,1.08124,0.04348966,0.04348966,100.0
2023-09-03 07:00:00,59.44477,74.75593,74.75593,100.0
2023-09-03 08:00:00,279.6937,459.40500000000003,459.40500000000003,100.0
2023-09-03 09:00:00,503.2678,950.8647,950.8647,100.0
2023-09-03 10:00:00,701.379,1320.7148,1320.7148,100.0
2023-09-03 11:00:00,845.6235,1558.9778000000001,1558.9778000000001,100.0
2023-09-03 12:00:00,924.7028,1674.5279,1674.5279,100.0
2023-09-03 13:00:00,938.6998,1690.0017,1690.0017,100.0
2023-09-03 14:00:00,876.1053,1596.8401000000001,1596.8401000000001,100.0
2023-09-03 15:00:00,747.0936,1405.6928999999998,1405.6928999999998,100.0
2023-09-03 16:00:00,566.0698,1099.5036,1099.5036,100.0
2023-09-03 17:00:00,351.9633,680.5979,680.5979,100.0
2023-09-03 18:00:00,144.8327,235.25814,235.25814,100.0
2023-09-03 19:00:00,21.20941,17.872844,17.872844,100.0
2023-09-03 20:00:00,0.3197483,0.0010056532800000002,0.0010056532800000002,100.0
2023-09-03 21:00:00,0.3766555,0.0,0.0,
2023-09-03 22:00:00,0.1055555,0.0,0.0,
2023-09-03 23:00:00,0.0,0.0,0.0,
2023-09-04 00:00:00,0.2086805,0.0,0.0,
2023-09-04 01:00:00,0.2069467,0.0,0.0,
2023-09-04 02:00:00,0.2318726,0.0,0.0,
2023-09-04 03:00:00,0.0,0.0,0.0,
2023-09-04 04:00:00,0.0,0.0,0.0,
2023-09-04 05:00:00,0.2079861,0.0,0.0,
2023-09-04 06:00:00,1.113626,0.044078952,0.044078952,100.0
2023-09-04 07:00:00,53.57125,72.43499000000001,72.43499000000001,100.0
2023-09-04 08:00:00,262.1682,432.86198,432.86198,100.0
2023-09-04 09:00:00,483.7657,904.4989,904.4989,100.0
2023-09-04 10:00:00,678.608,1267.3057000000001,1267.3057000000001,100.0
2023-09-04 11:00:00,829.1946,1504.3395999999998,1504.3395999999998,100.0
2023-09-04 12:00:00,914.943,1631.7407000000003,1631.7407000000003,100.0
2023-09-04 13:00:00,936.4394,1665.8497,1665.8497,100.0
2023-09-04 14:00:00,880.1843,1586.3501,1586.3501,100.0
2023-09-04 15:00:00,704.7748,1329.7715,1329.7715,100.0
2023-09-04 16:00:00,560.0098,1074.0936,1074.0936,100.0
2023-09-04 17:00:00,345.4675,651.0075999999999,651.0075999999999,100.0
2023-09-04 18:00:00,137.8937,223.85093999999998,223.85093999999998,100.0
2023-09-04 19:00:00,19.6134,16.573982,16.573982,100.0
2023-09-04 20:00:00,0.05083335,0.00010965059,0.00010965059,100.0
2023-09-04 21:00:00,0.0,0.0,0.0,
2023-09-04 22:00:00,0.0,0.0,0.0,
2023-09-04 23:00:00,0.3331872,0.0,0.0,
2023-09-05 00:00:00,0.1062573,0.0,0.0,
2023-09-05 01:00:00,0.0,0.0,0.0,
2023-09-05 02:00:00,0.0,0.0,0.0,
2023-09-05 03:00:00,0.0,0.0,0.0,
2023-09-05 04:00:00,0.2340973,0.0,0.0,
2023-09-05 05:00:00,0.0,0.0,0.0,
2023-09-05 06:00:00,0.7346894,0.023817642,0.023817642,100.0
2023-09-05 07:00:00,55.85381,74.66969,74.66969,100.0
2023-09-05 08:00:00,257.1205,420.86024000000003,420.86024000000003,100.0
2023-09-05 09:00:00,474.9796,881.9550999999999,881.9550999999999,100.0
2023-09-05 10:00:00,670.6691,1245.6307000000002,1245.6307000000002,100.0
2023-09-05 11:00:00,819.6533,1486.2688,1486.2688,100.0
2023-09-05 12:00:00,900.8544,1330.9987,1330.9987,100.0
2023-09-05 13:00:00,920.7377,1335.2312,1335.2312,100.0
2023-09-05 14:00:00,865.5195,1541.4733,1541.4733,100.0
2023-09-05 15:00:00,746.1868,1372.0591,1372.0591,100.0
2023-09-05 16:00:00,556.0283,1061.1064000000001,1061.1064000000001,100.0
2023-09-05 17:00:00,340.7054,641.2071,641.2071,100.0
2023-09-05 18:00:00,79.63392,117.58029,117.58029,100.0
2023-09-05 19:00:00,14.46432,12.114188,12.114188,100.0
2023-09-05 20:00:00,0.136632,0.0,0.0,
2023-09-05 21:00:00,0.25,0.0,0.0,
2023-09-05 22:00:00,0.0,0.0,0.0,
2023-09-05 23:00:00,0.0,0.0,0.0,
2023-09-06 00:00:00,0.3111111,0.0,0.0,
2023-09-06 01:00:00,0.0,0.0,0.0,
2023-09-06 02:00:00,0.0,0.0,0.0,
2023-09-06 03:00:00,0.0,0.0,0.0,
2023-09-06 04:00:00,0.0,0.0,0.0,
2023-09-06 05:00:00,0.0,0.0,0.0,
2023-09-06 06:00:00,0.610222,0.001971744,0.001971744,100.0
2023-09-06 07:00:00,55.04401,67.73452999999999,67.73452999999999,100.0
2023-09-06 08:00:00,254.547,408.28765,408.28765,100.0
2023-09-06 09:00:00,471.9182,866.2334,866.2334,100.0
2023-09-06 10:00:00,665.6324,1220.9795,1220.9795,100.0
2023-09-06 11:00:00,813.6171,1457.3313,1457.3313,100.0
2023-09-06 12:00:00,926.0272,1620.218,1620.218,100.0
2023-09-06 13:00:00,888.3353,1571.6632,1571.6632,100.0
2023-09-06 14:00:00,858.8696,1543.3921,1543.3921,100.0
2023-09-06 15:00:00,730.1616,1347.0897,1347.0897,100.0
2023-09-06 16:00:00,543.2616,1030.2036,1030.2036,100.0
2023-09-06 17:00:00,329.991,621.3515,621.3515,100.0
2023-09-06 18:00:00,122.8125,198.47763999999998,198.47763999999998,100.0
2023-09-06 19:00:00,12.75824,10.679265,10.679265,100.0
2023-09-06 20:00:00,0.03135417,0.0,0.0,
2023-09-06 21:00:00,0.2083333,0.0,0.0,
2023-09-06 22:00:00,0.0,0.0,0.0,
2023-09-06 23:00:00,0.0,0.0,0.0,
2023-09-07 00:00:00,0.0,0.0,0.0,
2023-09-07 01:00:00,0.5197915,0.0,0.0,
2023-09-07 02:00:00,0.3118055,0.0,0.0,
2023-09-07 03:00:00,0.665347,0.0,0.0,
2023-09-07 04:00:00,0.0,0.0,0.0,
2023-09-07 05:00:00,0.0,0.0,0.0,
2023-09-07 06:00:00,0.590525,0.021887545,0.021887545,100.0
2023-09-07 07:00:00,54.88708,83.25739,83.25739,100.0
2023-09-07 08:00:00,205.7487,346.66298,346.66298,100.0
2023-09-07 09:00:00,503.325,937.5264999999999,937.5264999999999,100.0
2023-09-07 10:00:00,618.1285,1142.7115999999999,1142.7115999999999,100.0
2023-09-07 11:00:00,760.9135,1394.8573000000001,1394.8573000000001,100.0
2023-09-07 12:00:00,843.9833,1481.9192000000003,1481.9192000000003,100.0
2023-09-07 13:00:00,491.3853,923.8939,923.8939,100.0
2023-09-07 14:00:00,788.1301,1329.2763999999997,1329.2763999999997,100.0
2023-09-07 15:00:00,382.0966,743.9590999999999,743.9590999999999,100.0
2023-09-07 16:00:00,322.2224,661.9805,661.9805,100.0
2023-09-07 17:00:00,340.6056,657.4672,657.4672,100.0
2023-09-07 18:00:00,98.37248,157.91801,157.91801,100.0
2023-09-07 19:00:00,4.333847,1.6402279000000002,1.6402279000000002,100.0
2023-09-07 20:00:00,0.0,0.0,0.0,
2023-09-07 21:00:00,0.0,0.0,0.0,
2023-09-07 22:00:00,1.014665,0.0,0.0,
2023-09-07 23:00:00,0.1472786,0.0,0.0,
2023-09-08 00:00:00,0.3128495,0.0,0.0,
2023-09-08 01:00:00,0.1048588,0.0,0.0,
2023-09-08 02:00:00,0.1262389,0.0,0.0,
2023-09-08 03:00:00,0.2079972,0.0,0.0,
2023-09-08 04:00:00,0.1045139,0.0,0.0,
2023-09-08 05:00:00,0.0,0.0,0.0,
2023-09-08 06:00:00,0.9985558,0.12653306,0.12653306,100.0
2023-09-08 07:00:00,57.6666,79.10034999999999,79.10034999999999,100.0
2023-09-08 08:00:00,260.2292,423.43105,423.43105,100.0
2023-09-08 09:00:00,401.6816,763.2932000000001,763.2932000000001,100.0
2023-09-08 10:00:00,644.48,1187.952,1187.952,100.0
2023-09-08 11:00:00,818.3734,1482.2368000000001,1482.2368000000001,100.0
2023-09-08 12:00:00,866.617,1564.5697999999998,1564.5697999999998,100.0
2023-09-08 13:00:00,818.501,1528.2848000000001,1528.2848000000001,100.0
2023-09-08 14:00:00,822.1623,1514.0542,1514.0542,100.0
2023-09-08 15:00:00,698.907,1315.9065,1315.9065,100.0
2023-09-08 16:00:00,553.1663,1059.1653,1059.1653,100.0
2023-09-08 17:00:00,336.4652,636.3457,636.3457,100.0
2023-09-08 18:00:00,126.0119,195.82495,195.82495,100.0
2023-09-08 19:00:00,15.40811,11.049749,11.049749,100.0
2023-09-08 20:00:00,0.2312513,0.0,0.0,
2023-09-08 21:00:00,0.0,0.0,0.0,
2023-09-08 22:00:00,0.0,0.0,0.0,
2023-09-08 23:00:00,0.0,0.0,0.0,
2023-09-09 00:00:00,0.0,0.0,0.0,
2023-09-09 01:00:00,0.0,0.0,0.0,
2023-09-09 02:00:00,0.0,0.0,0.0,
2023-09-09 03:00:00,0.0,0.0,0.0,
2023-09-09 04:00:00,0.1052084,0.0,0.0,
2023-09-09 05:00:00,0.0,0.0,0.0,
2023-09-09 06:00:00,0.2537089,0.0,0.0,
2023-09-09 07:00:00,7.848917,2.9275075999999998,2.9275075999999998,100.0
2023-09-09 08:00:00,82.17891,136.22343999999998,136.22343999999998,100.0
2023-09-09 09:00:00,448.3197,802.6526,802.6526,100.0
2023-09-09 10:00:00,145.1673,273.30929000000003,273.30929000000003,100.0
2023-09-09 11:00:00,326.3496,642.1429,642.1429,100.0
2023-09-09 12:00:00,794.7433,1472.2106999999999,1472.2106999999999,100.0
2023-09-09 13:00:00,794.8724,1459.7076,1459.7076,100.0
2023-09-09 14:00:00,414.696,806.1406999999999,806.1406999999999,100.0
2023-09-09 15:00:00,611.1949,1177.6303,1177.6303,100.0
2023-09-09 16:00:00,412.9699,838.9534,838.9534,100.0
2023-09-09 17:00:00,155.3566,279.89628000000005,279.89628000000005,100.0
2023-09-09 18:00:00,72.14517,119.00344,119.00344,100.0
2023-09-09 19:00:00,2.059891,0.6163462,0.6163462,100.0
2023-09-09 20:00:00,0.25,0.0,0.0,
2023-09-09 21:00:00,0.1034699,0.0,0.0,
2023-09-09 22:00:00,2.314815e-06,0.0,0.0,
2023-09-09 23:00:00,0.0,0.0,0.0,
2023-09-10 00:00:00,0.0,0.0,0.0,
2023-09-10 01:00:00,0.0,0.0,0.0,
2023-09-10 02:00:00,0.0,0.0,0.0,
2023-09-10 03:00:00,0.1059027,0.0,0.0,
2023-09-10 04:00:00,0.0,0.0,0.0,
2023-09-10 05:00:00,0.3114583,0.0,0.0,
2023-09-10 06:00:00,0.00825037,0.0,0.0,
2023-09-10 07:00:00,18.77102,30.135022,30.135022,100.0
2023-09-10 08:00:00,82.41256,158.53795,158.53795,100.0
2023-09-10 09:00:00,161.9794,325.84045000000003,325.84045000000003,100.0
2023-09-10 10:00:00,325.514,653.2085999999999,653.2085999999999,100.0
2023-09-10 11:00:00,598.4091,1111.3228000000001,1111.3228000000001,100.0
2023-09-10 12:00:00,865.201,1529.6877,1529.6877,100.0
2023-09-10 13:00:00,561.6287,1144.3409,1144.3409,100.0
2023-09-10 14:00:00,697.5991,1246.0417,1246.0417,100.0
2023-09-10 15:00:00,222.4857,453.32490000000007,453.32490000000007,100.0
2023-09-10 16:00:00,572.5347,1085.5343,1085.5343,100.0
2023-09-10 17:00:00,342.8185,590.0642,590.0642,100.0
2023-09-10 18:00:00,95.47601,156.8462,156.8462,100.0
2023-09-10 19:00:00,14.26828,10.045188,10.045188,100.0
2023-09-10 20:00:00,0.125,0.00050063815,0.00050063815,100.0
2023-09-10 21:00:00,0.25,0.0,0.0,
2023-09-10 22:00:00,0.2350324,0.0,0.0,
2023-09-10 23:00:00,0.1266925,0.0,0.0,
2023-09-11 00:00:00,0.2500111,0.0,0.0,
2023-09-11 01:00:00,0.541458,0.0,0.0,
2023-09-11 02:00:00,0.0,0.0,0.0,
2023-09-11 03:00:00,0.0,0.0,0.0,
2023-09-11 04:00:00,0.1262389,0.0,0.0,
2023-09-11 05:00:00,1.10742e-05,0.0,0.0,
2023-09-11 06:00:00,0.4020838,0.004741862,0.004741862,100.0
2023-09-11 07:00:00,35.90416,57.26693,57.26693,100.0
2023-09-11 08:00:00,213.0647,375.20876,375.20876,100.0
2023-09-11 09:00:00,476.1007,894.5518,894.5518,100.0
2023-09-11 10:00:00,671.553,1259.5088,1259.5088,100.0
2023-09-11 11:00:00,822.3335,1517.9905999999999,1517.9905999999999,100.0
2023-09-11 12:00:00,920.8848,1622.3328,1622.3328,100.0
2023-09-11 13:00:00,732.6124,1303.5815,1303.5815,100.0
2023-09-11 14:00:00,873.6888,1592.7350999999999,1592.7350999999999,100.0
2023-09-11 15:00:00,723.0316,1383.8869,1383.8869,100.0
2023-09-11 16:00:00,525.055,1037.9574,1037.9574,100.0
2023-09-11 17:00:00,289.9424,617.6362999999999,617.6362999999999,100.0
2023-09-11 18:00:00,149.8916,243.48071000000004,243.48071000000004,100.0
2023-09-11 19:00:00,13.28763,9.939781,9.939781,100.0
2023-09-11 20:00:00,0.01059028,0.0,0.0,
2023-09-11 21:00:00,0.0,0.0,0.0,
2023-09-11 22:00:00,0.3111204,0.0,0.0,
2023-09-11 23:00:00,0.5260325,0.0,0.0,
2023-09-12 00:00:00,0.2083333,0.0,0.0,
2023-09-12 01:00:00,0.0,0.0,0.0,
2023-09-12 02:00:00,0.2086805,0.0,0.0,
2023-09-12 03:00:00,0.3118055,0.0,0.0,
2023-09-12 04:00:00,0.0,0.0,0.0,
2023-09-12 05:00:00,0.3100695,0.0,0.0,
2023-09-12 06:00:00,0.02079166,0.007168145,0.007168145,100.0
2023-09-12 07:00:00,41.13092,62.39992,62.39992,100.0
2023-09-12 08:00:00,245.603,400.02963,400.02963,100.0
2023-09-12 09:00:00,465.2846,867.9647,867.9647,100.0
2023-09-12 10:00:00,664.0978,1236.2714,1236.2714,100.0
2023-09-12 11:00:00,806.3919,1479.5324,1479.5324,100.0
2023-09-12 12:00:00,895.232,1611.6729,1611.6729,100.0
2023-09-12 13:00:00,789.4666,1508.8166999999999,1508.8166999999999,100.0
2023-09-12 14:00:00,733.9995,1371.6655,1371.6655,100.0
2023-09-12 15:00:00,99.86677,190.26805000000002,190.26805000000002,100.0
2023-09-12 16:00:00,153.5227,284.29971,284.29971,100.0
2023-09-12 17:00:00,60.45802,97.38038,97.38038,100.0
2023-09-12 18:00:00,59.17067,100.55396999999999,100.55396999999999,100.0
2023-09-12 19:00:00,4.864543,3.044921,3.044921,100.0
2023-09-12 20:00:00,0.3758222,0.0,0.0,
2023-09-12 21:00:00,0.0,0.0,0.0,
2023-09-12 22:00:00,0.623264,0.0,0.0,
2023-09-12 23:00:00,0.2083333,0.0,0.0,
2023-09-13 00:00:00,0.2062524,0.0,0.0,
2023-09-13 01:00:00,0.1062477,0.0,0.0,
2023-09-13 02:00:00,0.0,0.0,0.0,
2023-09-13 03:00:00,0.0,0.0,0.0,
2023-09-13 04:00:00,0.1055555,0.0,0.0,
2023-09-13 05:00:00,0.0,0.0,0.0,
2023-09-13 06:00:00,0.5655338,0.01578416,0.01578416,100.0
2023-09-13 07:00:00,52.61021,86.49411,86.49411,100.0
2023-09-13 08:00:00,196.7021,329.66261,329.66261,100.0
2023-09-13 09:00:00,434.2921,810.3735,810.3735,100.0
2023-09-13 10:00:00,435.3073,842.6127000000001,842.6127000000001,100.0
2023-09-13 11:00:00,774.3353,1437.6412,1437.6412,100.0
2023-09-13 12:00:00,919.6998,1608.7205000000001,1608.7205000000001,100.0
2023-09-13 13:00:00,742.7991,1387.5128,1387.5128,100.0
2023-09-13 14:00:00,811.8469,1449.2539,1449.2539,100.0
2023-09-13 15:00:00,622.2347,1150.3818,1150.3818,100.0
2023-09-13 16:00:00,528.222,990.4001999999999,990.4001999999999,100.0
2023-09-13 17:00:00,303.1382,568.0396,568.0396,100.0
2023-09-13 18:00:00,61.50201,102.90207,102.90207,100.0
2023-09-13 19:00:00,6.040437,4.4074414,4.4074414,100.0
2023-09-13 20:00:00,0.2516639,0.0,0.0,
2023-09-13 21:00:00,0.0,0.0,0.0,
2023-09-13 22:00:00,0.2079861,0.0,0.0,
2023-09-13 23:00:00,0.0,0.0,0.0,
2023-09-14 00:00:00,0.0,0.0,0.0,
2023-09-14 01:00:00,0.0,0.0,0.0,
2023-09-14 02:00:00,0.0,0.0,0.0,
2023-09-14 03:00:00,0.0,0.0,0.0,
2023-09-14 04:00:00,0.0,0.0,0.0,
2023-09-14 05:00:00,0.0,0.0,0.0,
2023-09-14 06:00:00,0.540912,0.0,0.0,
2023-09-14 07:00:00,38.43971,58.3018,58.3018,100.0
2023-09-14 08:00:00,240.685,393.35248,393.35248,100.0
2023-09-14 09:00:00,461.7064,854.4484,854.4484,100.0
2023-09-14 10:00:00,679.1625,1263.8246,1263.8246,100.0
2023-09-14 11:00:00,827.8049,1577.2839,1577.2839,100.0
2023-09-14 12:00:00,855.5577,1551.7655,1551.7655,100.0
2023-09-14 13:00:00,835.5118,1515.3436,1515.3436,100.0
2023-09-14 14:00:00,676.7911,1252.2873,1252.2873,100.0
2023-09-14 15:00:00,487.5424,918.0237,918.0237,100.0
2023-09-14 16:00:00,291.8387,589.8127999999999,589.8127999999999,100.0
2023-09-14 17:00:00,268.6894,515.4029,515.4029,100.0
2023-09-14 18:00:00,124.6615,199.94726,199.94726,100.0
2023-09-14 19:00:00,7.236424,4.6392458,4.6392458,100.0
2023-09-14 20:00:00,2.076411e-06,0.0,0.0,
2023-09-14 21:00:00,0.0,0.0,0.0,
2023-09-14 22:00:00,0.0,0.0,0.0,
2023-09-14 23:00:00,0.3100694,0.0,0.0,
2023-09-15 00:00:00,0.0,0.0,0.0,
2023-09-15 01:00:00,0.0,0.0,0.0,
2023-09-15 02:00:00,0.0,0.0,0.0,
2023-09-15 03:00:00,0.0,0.0,0.0,
2023-09-15 04:00:00,0.0,0.0,0.0,
2023-09-15 05:00:00,0.0,0.0,0.0,
2023-09-15 06:00:00,0.08222595,0.0066796,0.0066796,100.0
2023-09-15 07:00:00,33.12651,52.095819000000006,52.095819000000006,100.0
2023-09-15 08:00:00,269.9772,428.63269,428.63269,100.0
2023-09-15 09:00:00,497.0711,949.1838,949.1838,100.0
2023-09-15 10:00:00,695.702,1350.6447,1350.6447,100.0
2023-09-15 11:00:00,845.0711,1620.0029,1620.0029,100.0
2023-09-15 12:00:00,931.6323,1774.9836,1774.9836,100.0
2023-09-15 13:00:00,942.5489,1797.2446,1797.2446,100.0
2023-09-15 14:00:00,875.9335,1700.3167999999998,1700.3167999999998,100.0
2023-09-15 15:00:00,743.7584,1467.3788,1467.3788,100.0
2023-09-15 16:00:00,557.7006,1121.4677000000001,1121.4677000000001,100.0
2023-09-15 17:00:00,336.3944,656.9512,656.9512,100.0
2023-09-15 18:00:00,122.7363,185.54577999999998,185.54577999999998,100.0
2023-09-15 19:00:00,8.846619,4.7453642,4.7453642,100.0
2023-09-15 20:00:00,0.2920268,0.0,0.0,
2023-09-15 21:00:00,0.1472788,0.0,0.0,
2023-09-15 22:00:00,0.25,0.0,0.0,
2023-09-15 23:00:00,0.0,0.0,0.0,
2023-09-16 00:00:00,0.0,0.0,0.0,
2023-09-16 01:00:00,0.0,0.0,0.0,
2023-09-16 02:00:00,0.0,0.0,0.0,
2023-09-16 03:00:00,0.25,0.0,0.0,
2023-09-16 04:00:00,0.0,0.0,0.0,
2023-09-16 05:00:00,0.2083333,0.0,0.0,
2023-09-16 06:00:00,0.0,0.00392385,0.00392385,100.0
2023-09-16 07:00:00,34.33759,58.723583,58.723583,100.0
2023-09-16 08:00:00,282.217,462.3355,462.3355,100.0
2023-09-16 09:00:00,508.1551,966.0168,966.0168,100.0
2023-09-16 10:00:00,710.3237,1333.7888,1333.7888,100.0
2023-09-16 11:00:00,858.1565,1580.6303,1580.6303,100.0
2023-09-16 12:00:00,938.6187,1703.9223000000002,1703.9223000000002,100.0
2023-09-16 13:00:00,941.3688,1720.4968,1720.4968,100.0
2023-09-16 14:00:00,874.9053,1620.8984,1620.8984,100.0
2023-09-16 15:00:00,736.0208,1410.227,1410.227,100.0
2023-09-16 16:00:00,538.5375,1064.4348,1064.4348,100.0
2023-09-16 17:00:00,321.0634,615.7838,615.7838,100.0
2023-09-16 18:00:00,80.33193,120.55926,120.55926,100.0
2023-09-16 19:00:00,5.481153,2.8811762,2.8811762,100.0
2023-09-16 20:00:00,8.30565e-07,0.0,0.0,
2023-09-16 21:00:00,0.3327704,0.0,0.0,
2023-09-16 22:00:00,0.3569517,0.0,0.0,
2023-09-16 23:00:00,0.3111112,0.0,0.0,
2023-09-17 00:00:00,0.0,0.0,0.0,
2023-09-17 01:00:00,0.1052084,0.0,0.0,
2023-09-17 02:00:00,0.0,0.0,0.0,
2023-09-17 03:00:00,0.0,0.0,0.0,
2023-09-17 04:00:00,0.0,0.0,0.0,
2023-09-17 05:00:00,0.0,0.0,0.0,
2023-09-17 06:00:00,0.3173948,0.0,0.0,
2023-09-17 07:00:00,28.16225,44.16802,44.16802,100.0
2023-09-17 08:00:00,86.83578,156.99346999999997,156.99346999999997,100.0
2023-09-17 09:00:00,205.0249,403.89293999999995,403.89293999999995,100.0
2023-09-17 10:00:00,269.0369,518.4447,518.4447,100.0
2023-09-17 11:00:00,208.4785,411.5685,411.5685,100.0
2023-09-17 12:00:00,131.6967,257.90995,257.90995,100.0
2023-09-17 13:00:00,101.4141,203.05977000000001,203.05977000000001,100.0
2023-09-17 14:00:00,66.88686,132.88034,132.88034,100.0
2023-09-17 15:00:00,29.53585,44.060075999999995,44.060075999999995,100.0
2023-09-17 16:00:00,182.9415,375.96975,375.96975,100.0
2023-09-17 17:00:00,100.6298,185.87422,185.87422,100.0
2023-09-17 18:00:00,20.36412,23.810039999999997,23.810039999999997,100.0
2023-09-17 19:00:00,1.702945,0.009216359,0.009216359,100.0
2023-09-17 20:00:00,0.0,0.0,0.0,
2023-09-17 21:00:00,0.0,0.0,0.0,
2023-09-17 22:00:00,0.0,0.0,0.0,
2023-09-17 23:00:00,0.2083333,0.0,0.0,
2023-09-18 00:00:00,0.0,0.0,0.0,
2023-09-18 01:00:00,0.2086805,0.0,0.0,
2023-09-18 02:00:00,0.0,0.0,0.0,
2023-09-18 03:00:00,0.0,0.0,0.0,
2023-09-18 04:00:00,0.3104166,0.0,0.0,
2023-09-18 05:00:00,0.2079861,0.0,0.0,
2023-09-18 06:00:00,0.0,0.0,0.0,
2023-09-18 07:00:00,36.11892,53.924406000000005,53.924406000000005,100.0
2023-09-18 08:00:00,274.0511,438.06137,438.06137,100.0
2023-09-18 09:00:00,497.191,948.8478,948.8478,100.0
2023-09-18 10:00:00,697.0121,1360.8319999999999,1360.8319999999999,100.0
2023-09-18 11:00:00,845.5754,1632.8334,1632.8334,100.0
2023-09-18 12:00:00,923.6602,1772.9685,1772.9685,100.0
2023-09-18 13:00:00,935.8159,1792.6603,1792.6603,100.0
2023-09-18 14:00:00,861.5988,1653.106,1653.106,100.0
2023-09-18 15:00:00,650.8226,1362.9184,1362.9184,100.0
2023-09-18 16:00:00,580.1624,1172.8075,1172.8075,100.0
2023-09-18 17:00:00,318.3211,631.569,631.569,100.0
2023-09-18 18:00:00,107.707,163.73340000000002,163.73340000000002,100.0
2023-09-18 19:00:00,5.515618,2.9628232,2.9628232,100.0
2023-09-18 20:00:00,3.703703e-07,0.0,0.0,
2023-09-18 21:00:00,0.1079861,0.0,0.0,
2023-09-18 22:00:00,0.0,0.0,0.0,
2023-09-18 23:00:00,0.0,0.0,0.0,
2023-09-19 00:00:00,0.0,0.0,0.0,
2023-09-19 01:00:00,0.1254139,0.0,0.0,
2023-09-19 02:00:00,0.2483389,0.0,0.0,
2023-09-19 03:00:00,0.1262473,0.0,0.0,
2023-09-19 04:00:00,0.0,0.0,0.0,
2023-09-19 05:00:00,0.0,0.0,0.0,
2023-09-19 06:00:00,0.02062524,0.0,0.0,
2023-09-19 07:00:00,30.95762,54.415252,54.415252,100.0
2023-09-19 08:00:00,270.7558,448.44611000000003,448.44611000000003,100.0
2023-09-19 09:00:00,501.947,964.2616,964.2616,100.0
2023-09-19 10:00:00,700.337,1354.5247,1354.5247,100.0
2023-09-19 11:00:00,849.2839,1596.7197999999999,1596.7197999999999,100.0
2023-09-19 12:00:00,928.416,1711.7128,1711.7128,100.0
2023-09-19 13:00:00,940.6868,1728.3978,1728.3978,100.0
2023-09-19 14:00:00,894.6405,1673.9395,1673.9395,100.0
2023-09-19 15:00:00,774.5322,1474.6842,1474.6842,100.0
2023-09-19 16:00:00,575.3821,1119.8586,1119.8586,100.0
2023-09-19 17:00:00,340.044,650.0441,650.0441,100.0
2023-09-19 18:00:00,116.4214,177.54546000000002,177.54546000000002,100.0
2023-09-19 19:00:00,6.229184,4.177123300000001,4.177123300000001,100.0
2023-09-19 20:00:00,0.0,0.0,0.0,
2023-09-19 21:00:00,0.0,0.0,0.0,
2023-09-19 22:00:00,0.2083333,0.0,0.0,
2023-09-19 23:00:00,0.0,0.0,0.0,
2023-09-20 00:00:00,0.37375,0.0,0.0,
2023-09-20 01:00:00,0.0,0.0,0.0,
2023-09-20 02:00:00,0.0,0.0,0.0,
2023-09-20 03:00:00,0.2504166,0.0,0.0,
2023-09-20 04:00:00,0.1052084,0.0,0.0,
2023-09-20 05:00:00,0.0,0.0,0.0,
2023-09-20 06:00:00,0.00822259,0.0,0.0,
2023-09-20 07:00:00,26.92385,51.781138999999996,51.781138999999996,100.0
2023-09-20 08:00:00,257.2988,425.288,425.288,100.0
2023-09-20 09:00:00,488.8274,924.5992,924.5992,100.0
2023-09-20 10:00:00,692.1454,1300.5016,1300.5016,100.0
2023-09-20 11:00:00,840.1068,1551.5086000000001,1551.5086000000001,100.0
2023-09-20 12:00:00,908.5365,1640.5922,1640.5922,100.0
2023-09-20 13:00:00,684.7081,1288.0695,1288.0695,100.0
2023-09-20 14:00:00,867.0017,1605.8709000000001,1605.8709000000001,100.0
2023-09-20 15:00:00,693.6851,1351.5428,1351.5428,100.0
2023-09-20 16:00:00,386.8058,761.3511,761.3511,100.0
2023-09-20 17:00:00,220.8297,413.87933999999996,413.87933999999996,100.0
2023-09-20 18:00:00,84.48387,138.15281000000002,138.15281000000002,100.0
2023-09-20 19:00:00,5.437109,2.7241679000000003,2.7241679000000003,100.0
2023-09-20 20:00:00,0.2076388,0.0,0.0,
2023-09-20 21:00:00,0.439375,0.0,0.0,
2023-09-20 22:00:00,0.0,0.0,0.0,
2023-09-20 23:00:00,0.3114584,0.0,0.0,
2023-09-21 00:00:00,0.0,0.0,0.0,
2023-09-21 01:00:00,0.0,0.0,0.0,
2023-09-21 02:00:00,0.3114583,0.0,0.0,
2023-09-21 03:00:00,0.2911805,0.0,0.0,
2023-09-21 04:00:00,0.4988889,0.0,0.0,
2023-09-21 05:00:00,0.0,0.0,0.0,
2023-09-21 06:00:00,0.1048588,0.0,0.0,
2023-09-21 07:00:00,20.24851,34.072897,34.072897,100.0
2023-09-21 08:00:00,120.1243,231.73954,231.73954,100.0
2023-09-21 09:00:00,207.4008,416.08204,416.08204,100.0
2023-09-21 10:00:00,622.166,1192.3837,1192.3837,100.0
2023-09-21 11:00:00,861.9468,1641.3448999999998,1641.3448999999998,100.0
2023-09-21 12:00:00,943.5991,1782.8036,1782.8036,100.0
2023-09-21 13:00:00,916.331,1713.1062000000002,1713.1062000000002,100.0
2023-09-21 14:00:00,674.8898,1321.7586000000001,1321.7586000000001,100.0
2023-09-21 15:00:00,251.7883,487.17130000000003,487.17130000000003,100.0
2023-09-21 16:00:00,250.7,509.5119,509.5119,100.0
2023-09-21 17:00:00,241.8701,472.13669999999996,472.13669999999996,100.0
2023-09-21 18:00:00,98.1588,150.99257,150.99257,100.0
2023-09-21 19:00:00,4.990137,2.068449,2.068449,100.0
2023-09-21 20:00:00,0.4163171,0.0,0.0,
2023-09-21 21:00:00,0.2062524,0.0,0.0,
2023-09-21 22:00:00,0.2107616,0.0,0.0,
2023-09-21 23:00:00,0.1262473,0.0,0.0,
2023-09-22 00:00:00,2.787067e-06,0.0,0.0,
2023-09-22 01:00:00,0.209375,0.0,0.0,
2023-09-22 02:00:00,0.3359028,0.0,0.0,
2023-09-22 03:00:00,0.0,0.0,0.0,
2023-09-22 04:00:00,0.0,0.0,0.0,
2023-09-22 05:00:00,0.3107638,0.0,0.0,
2023-09-22 06:00:00,0.1468024,0.0,0.0,
2023-09-22 07:00:00,20.73664,32.135431,32.135431,100.0
2023-09-22 08:00:00,185.0734,323.65551,323.65551,100.0
2023-09-22 09:00:00,348.435,685.6797,685.6797,100.0
2023-09-22 10:00:00,505.8554,1012.3541999999999,1012.3541999999999,100.0
2023-09-22 11:00:00,450.4001,920.3789999999999,920.3789999999999,100.0
2023-09-22 12:00:00,248.5757,502.92100000000005,502.92100000000005,100.0
2023-09-22 13:00:00,176.0382,349.61836,349.61836,100.0
2023-09-22 14:00:00,321.9539,651.693,651.693,100.0
2023-09-22 15:00:00,293.6841,593.9816000000001,593.9816000000001,100.0
2023-09-22 16:00:00,259.9398,525.903,525.903,100.0
2023-09-22 17:00:00,122.6973,237.33199000000002,237.33199000000002,100.0
2023-09-22 18:00:00,19.5827,20.281545,20.281545,100.0
2023-09-22 19:00:00,4.160904,1.03430269,1.03430269,100.0
2023-09-22 20:00:00,0.1048588,0.0,0.0,
2023-09-22 21:00:00,0.0,0.0,0.0,
2023-09-22 22:00:00,0.0,0.0,0.0,
2023-09-22 23:00:00,0.0,0.0,0.0,
2023-09-23 00:00:00,0.0,0.0,0.0,
2023-09-23 01:00:00,0.2083333,0.0,0.0,
2023-09-23 02:00:00,0.3741666,0.0,0.0,
2023-09-23 03:00:00,0.0,0.0,0.0,
2023-09-23 04:00:00,0.0,0.0,0.0,
2023-09-23 05:00:00,0.3333333,0.0,0.0,
2023-09-23 06:00:00,0.314236,0.0,0.0,
2023-09-23 07:00:00,5.223473,3.5763572,3.5763572,100.0
2023-09-23 08:00:00,28.44375,45.35297,45.35297,100.0
2023-09-23 09:00:00,66.2194,128.18924,128.18924,100.0
2023-09-23 10:00:00,98.29372,191.56891000000002,191.56891000000002,100.0
2023-09-23 11:00:00,155.7732,305.30311,305.30311,100.0
2023-09-23 12:00:00,202.5226,416.04181,416.04181,100.0
2023-09-23 13:00:00,259.9351,533.7631,533.7631,100.0
2023-09-23 14:00:00,276.8222,567.0103,567.0103,100.0
2023-09-23 15:00:00,176.0857,361.81690000000003,361.81690000000003,100.0
2023-09-23 16:00:00,71.76476,131.2742,131.2742,100.0
2023-09-23 17:00:00,43.37732,70.88499999999999,70.88499999999999,100.0
2023-09-23 18:00:00,23.63955,31.551693,31.551693,100.0
2023-09-23 19:00:00,1.634737,0.01109309,0.01109309,100.0
2023-09-23 20:00:00,0.3733332,0.0,0.0,
2023-09-23 21:00:00,0.0,0.0,0.0,
2023-09-23 22:00:00,0.0,0.0,0.0,
2023-09-23 23:00:00,0.0,0.0,0.0,
2023-09-24 00:00:00,0.0,0.0,0.0,
2023-09-24 01:00:00,0.3729166,0.0,0.0,
2023-09-24 02:00:00,0.0,0.0,0.0,
2023-09-24 03:00:00,0.0,0.0,0.0,
2023-09-24 04:00:00,0.0,0.0,0.0,
2023-09-24 05:00:00,0.3149306,0.0,0.0,
2023-09-24 06:00:00,0.0,0.0,0.0,
2023-09-24 07:00:00,21.79159,42.528991,42.528991,100.0
2023-09-24 08:00:00,242.1351,414.39026,414.39026,100.0
2023-09-24 09:00:00,477.7098,915.105,915.105,100.0
2023-09-24 10:00:00,671.4906,1300.0521,1300.0521,100.0
2023-09-24 11:00:00,817.4602,1553.1082000000001,1553.1082000000001,100.0
2023-09-24 12:00:00,868.9672,1672.4025000000001,1672.4025000000001,100.0
2023-09-24 13:00:00,898.152,1688.8305,1688.8305,100.0
2023-09-24 14:00:00,816.4705,1519.7733,1519.7733,100.0
2023-09-24 15:00:00,660.2814,1246.3123,1246.3123,100.0
2023-09-24 16:00:00,489.3719,948.4925000000001,948.4925000000001,100.0
2023-09-24 17:00:00,237.516,479.65790000000004,479.65790000000004,100.0
2023-09-24 18:00:00,92.73254,130.53879999999998,130.53879999999998,100.0
2023-09-24 19:00:00,3.524469,0.907802,0.907802,100.0
2023-09-24 20:00:00,0.3548588,0.0,0.0,
2023-09-24 21:00:00,0.3111111,0.0,0.0,
2023-09-24 22:00:00,0.0,0.0,0.0,
2023-09-24 23:00:00,0.25,0.0,0.0,
2023-09-25 00:00:00,0.0,0.0,0.0,
2023-09-25 01:00:00,0.6856945,0.0,0.0,
2023-09-25 02:00:00,0.0,0.0,0.0,
2023-09-25 03:00:00,0.0,0.0,0.0,
2023-09-25 04:00:00,0.1055555,0.0,0.0,
2023-09-25 05:00:00,0.45875,0.0,0.0,
2023-09-25 06:00:00,0.0,0.010465442,0.010465442,100.0
2023-09-25 07:00:00,18.31558,36.82332,36.82332,100.0
2023-09-25 08:00:00,200.192,356.99456000000004,356.99456000000004,100.0
2023-09-25 09:00:00,480.9782,922.9032,922.9032,100.0
2023-09-25 10:00:00,678.1923,1299.0525,1299.0525,100.0
2023-09-25 11:00:00,820.4772,1531.3152,1531.3152,100.0
2023-09-25 12:00:00,902.6713,1653.4337,1653.4337,100.0
2023-09-25 13:00:00,899.751,1649.1336999999999,1649.1336999999999,100.0
2023-09-25 14:00:00,769.7228,1446.0447,1446.0447,100.0
2023-09-25 15:00:00,620.1764,1189.3256,1189.3256,100.0
2023-09-25 16:00:00,484.8767,897.2216999999999,897.2216999999999,100.0
2023-09-25 17:00:00,234.5018,450.38495,450.38495,100.0
2023-09-25 18:00:00,87.01129,129.60215,129.60215,100.0
2023-09-25 19:00:00,2.353267,1.1307332,1.1307332,100.0
2023-09-25 20:00:00,0.2326185,0.0,0.0,
2023-09-25 21:00:00,1.111111e-05,0.0,0.0,
2023-09-25 22:00:00,0.0,0.0,0.0,
2023-09-25 23:00:00,0.1245805,0.0,0.0,
2023-09-26 00:00:00,0.1038222,0.0,0.0,
2023-09-26 01:00:00,0.0,0.0,0.0,
2023-09-26 02:00:00,0.0,0.0,0.0,
2023-09-26 03:00:00,0.1468055,0.0,0.0,
2023-09-26 04:00:00,0.3311112,0.0,0.0,
2023-09-26 05:00:00,0.0,0.0,0.0,
2023-09-26 06:00:00,0.0,0.0,0.0,
2023-09-26 07:00:00,13.56779,16.72979,16.72979,100.0
2023-09-26 08:00:00,39.07949,67.59492999999999,67.59492999999999,100.0
2023-09-26 09:00:00,76.8819,148.94819999999999,148.94819999999999,100.0
2023-09-26 10:00:00,110.3047,170.38975,170.38975,100.0
2023-09-26 11:00:00,223.2489,319.15238,430.71268,74.09867292506922
2023-09-26 12:00:00,183.4639,328.89646999999997,328.89646999999997,100.0
2023-09-26 13:00:00,197.4488,383.09075,383.09075,100.0
2023-09-26 14:00:00,405.077,823.6197,823.6197,100.0
2023-09-26 15:00:00,197.8132,373.23981,373.23981,100.0
2023-09-26 16:00:00,159.1075,304.92112000000003,304.92112000000003,100.0
2023-09-26 17:00:00,123.564,232.65002,232.65002,100.0
2023-09-26 18:00:00,38.77765,60.18025,60.18025,100.0
2023-09-26 19:00:00,1.483212,0.15820189,0.15820189,100.0
2023-09-26 20:00:00,0.619178,0.0,0.0,
2023-09-26 21:00:00,0.1266555,0.0,0.0,
2023-09-26 22:00:00,0.1258332,0.0,0.0,
2023-09-26 23:00:00,0.0,0.0,0.0,
2023-09-27 00:00:00,0.0,0.0,0.0,
2023-09-27 01:00:00,0.25,0.0,0.0,
2023-09-27 02:00:00,0.0,0.0,0.0,
2023-09-27 03:00:00,0.0,0.0,0.0,
2023-09-27 04:00:00,0.686736,0.0,0.0,
2023-09-27 05:00:00,0.0,0.0,0.0,
2023-09-27 06:00:00,0.2079861,0.0,0.0,
2023-09-27 07:00:00,6.322241,4.6531138,4.6531138,100.0
2023-09-27 08:00:00,65.57816,120.20682,120.20682,100.0
2023-09-27 09:00:00,161.7688,308.06978,308.06978,100.0
2023-09-27 10:00:00,137.7574,268.80697999999995,268.80697999999995,100.0
2023-09-27 11:00:00,197.0493,401.95738,401.95738,100.0
2023-09-27 12:00:00,295.6079,584.1118,584.1118,100.0
2023-09-27 13:00:00,265.1797,545.6997,545.6997,100.0
2023-09-27 14:00:00,196.0343,387.88851999999997,387.88851999999997,100.0
2023-09-27 15:00:00,136.2511,270.24697000000003,270.24697000000003,100.0
2023-09-27 16:00:00,87.3232,160.46963,160.46963,100.0
2023-09-27 17:00:00,64.51775,116.70375999999999,116.70375999999999,100.0
2023-09-27 18:00:00,28.62809,40.920543,40.920543,100.0
2023-09-27 19:00:00,0.9678536,0.08801613,0.08801613,100.0
2023-09-27 20:00:00,0.1041666,0.0,0.0,
2023-09-27 21:00:00,0.0,0.0,0.0,
2023-09-27 22:00:00,0.0,0.0,0.0,
2023-09-27 23:00:00,0.0,0.0,0.0,
2023-09-28 00:00:00,0.1048611,0.0,0.0,
2023-09-28 01:00:00,0.0,0.0,0.0,
2023-09-28 02:00:00,0.0,0.0,0.0,
2023-09-28 03:00:00,0.12625,0.0,0.0,
2023-09-28 04:00:00,0.2475111,0.0,0.0,
2023-09-28 05:00:00,0.4370723,0.0,0.0,
2023-09-28 06:00:00,0.2466695,0.0,0.0,
2023-09-28 07:00:00,7.590553,7.09342,7.09342,100.0
2023-09-28 08:00:00,138.5504,242.78867,242.78867,100.0
2023-09-28 09:00:00,239.7205,516.5113,516.5113,100.0
2023-09-28 10:00:00,426.0872,826.5227,826.5227,100.0
2023-09-28 11:00:00,835.4838,1467.1460000000002,1467.1460000000002,100.0
2023-09-28 12:00:00,776.5419,1477.1116,1477.1116,100.0
2023-09-28 13:00:00,666.4279,1196.9452,1196.9452,100.0
2023-09-28 14:00:00,643.3254,1147.4067,1147.4067,100.0
2023-09-28 15:00:00,407.5583,739.2401,739.2401,100.0
2023-09-28 16:00:00,283.5734,537.0332,537.0332,100.0
2023-09-28 17:00:00,150.2753,301.92026999999996,301.92026999999996,100.0
2023-09-28 18:00:00,39.52446,58.89006,58.89006,100.0
2023-09-28 19:00:00,1.024511,0.18753868999999998,0.18753868999999998,100.0
2023-09-28 20:00:00,0.2083333,0.0,0.0,
2023-09-28 21:00:00,0.0,0.0,0.0,
2023-09-28 22:00:00,0.0,0.0,0.0,
2023-09-28 23:00:00,0.1279167,0.0,0.0,
2023-09-29 00:00:00,0.0,0.0,0.0,
2023-09-29 01:00:00,0.0,0.0,0.0,
2023-09-29 02:00:00,0.3121527,0.0,0.0,
2023-09-29 03:00:00,0.1048611,0.0,0.0,
2023-09-29 04:00:00,0.3779168,0.0,0.0,
2023-09-29 05:00:00,0.0,0.0,0.0,
2023-09-29 06:00:00,0.0,0.0,0.0,
2023-09-29 07:00:00,5.595397,4.7109871,4.7109871,100.0
2023-09-29 08:00:00,47.11663,85.25780999999999,85.25780999999999,100.0
2023-09-29 09:00:00,115.7583,225.43984,225.43984,100.0
2023-09-29 10:00:00,236.1017,464.8761,464.8761,100.0
2023-09-29 11:00:00,743.7386,1377.92,1377.92,100.0
2023-09-29 12:00:00,815.1586,1654.219,1654.219,100.0
2023-09-29 13:00:00,912.1888,1655.4902,1655.4902,100.0
2023-09-29 14:00:00,842.0878,1610.776,1610.776,100.0
2023-09-29 15:00:00,691.7924,1367.1955,1367.1955,100.0
2023-09-29 16:00:00,496.3351,1010.7113999999999,1010.7113999999999,100.0
2023-09-29 17:00:00,274.7373,538.1807,538.1807,100.0
2023-09-29 18:00:00,81.53383,108.478,108.478,100.0
2023-09-29 19:00:00,2.220798,0.23990880000000003,0.23990880000000003,100.0
2023-09-29 20:00:00,0.2086805,0.0,0.0,
2023-09-29 21:00:00,0.0,0.0,0.0,
2023-09-29 22:00:00,0.0,0.0,0.0,
2023-09-29 23:00:00,0.3733332,0.0,0.0,
2023-09-30 00:00:00,0.2086805,0.0,0.0,
2023-09-30 01:00:00,0.0,0.0,0.0,
2023-09-30 02:00:00,0.3745834,0.0,0.0,
2023-09-30 03:00:00,0.0,0.0,0.0,
2023-09-30 04:00:00,0.0,0.0,0.0,
2023-09-30 05:00:00,0.2055648,0.0,0.0,
2023-09-30 06:00:00,0.1055463,0.0,0.0,
2023-09-30 07:00:00,11.03464,16.114287,16.114287,100.0
2023-09-30 08:00:00,58.8899,116.58828,116.58828,100.0
2023-09-30 09:00:00,94.85227,184.72985,184.72985,100.0
2023-09-30 10:00:00,120.0045,235.60408,235.60408,100.0
2023-09-30 11:00:00,185.2343,360.77935,360.77935,100.0
2023-09-30 12:00:00,217.6072,438.21300999999994,438.21300999999994,100.0
2023-09-30 13:00:00,295.8098,607.4603,607.4603,100.0
2023-09-30 14:00:00,260.8456,524.2927999999999,524.2927999999999,100.0
2023-09-30 15:00:00,432.8615,926.355,926.355,100.0
2023-09-30 16:00:00,437.558,897.5946,897.5946,100.0
2023-09-30 17:00:00,175.2106,338.02756999999997,338.02756999999997,100.0
2023-09-30 18:00:00,55.58923,77.30405,77.30405,100.0
2023-09-30 19:00:00,1.505193,0.10691385,0.10691385,100.0
2023-09-30 20:00:00,0.0,0.0,0.0,
2023-09-30 21:00:00,0.0,0.0,0.0,
2023-09-30 22:00:00,0.0,0.0,0.0,
2023-09-30 23:00:00,0.2079861,0.0,0.0,
